 ,1,2,3,4,5,6,7,8,9,10,11,12,13,14,15,16,17,18,19,20,21,22,23,24,25,26,27,28,29,30,31,32,33,34,35,36,37,38,39,40,41,42,43,44,45,46,47,48,49,50,51,52,53,54,55,56,57,58,59,60,61,62,63,64,65,66,67,68,69,70,71,72,73,74,75,76,77,78,79,80,81,82,83,84,85,86,87,88,89,90,91,92,93,94,95,96,97,98,99,100,101,102,103,104,105,106,107,108,109,110,111,112,113,114,115,116,117,118,119,120,121,122,123,124,125,126,127,128,129,130,131,132,133,134,135,136,137,138,139,140,141,142,143,144,145,146,147,148,149,150,151,152,153,154,155,156,157,158,159,160,161,162,163,164,165,166,167,168,169,170,171,172,173,174,175,176,177,178,179,180
 ,K,K,G,P,K,V,T,V,K,V,Y,F,D,L,R,I,G,D,E,D,V,G,R,V,I,F,G,L,F,G,K,T,V,P,K,T,V,D,N,F,V,A,L,A,T,G,E,K,G,F,G,Y,K,N,S,K,F,H,R,V,I,K,D,F,M,I,Q,G,G,D,F,T,R,G,D,G,T,G,G,K,S,I,Y,G,E,R,F,P,D,E,N,F,K,L,K,H,Y,G,P,G,W,V,S,M,A,N,A,G,K,D,T,N,G,S,Q,F,F,I,T,T,V,K,T,A,W,L,D,G,K,H,V,V,F,G,K,V,L,E,G,M,E,V,V,R,K,V,E,S,T,K,T,D,S,R,D,K,P,L,K,D,V,I,I,A,D,C,G,K,I,E,V,E,K,P,F,A,I,A,K,E
Last position-specific scoring matrix computed
F,-4,-4,-4,-5,-3,-1,-3,-3,-4,-2,5,8,-5,0,-3,0,-4,-4,-4,-3,-1,-5,-4,-1,-2,3,-4,-1,8,-4,-4,-2,-2,-5,-4,-4,-2,-4,-5,8,-1,-4,0,-4,-3,-5,-2,-4,-5,5,-5,4,-5,-5,-5,-4,9,-4,-5,-3,-2,-4,-4,9,-2,-2,-5,-5,-5,-5,6,-3,-2,-1,-5,-5,-1,-5,-4,-1,-4,-1,3,-5,-4,4,8,-4,-5,-5,-4,7,-3,0,-4,0,-1,-4,-2,-4,3,0,-3,-1,-3,-4,-3,-4,-4,-4,-3,-4,-4,-3,0,7,7,-1,1,0,-2,-2,-4,-4,-2,-1,-6,-5,-2,-3,-3,-2,9,-5,-4,-2,-1,-4,-5,1,-1,-2,-2,0,-2,-3,-6,-4,-3,-5,-5,-5,-2,-4,-6,0,-7,-2,-4,-5,-2,-2,-2,-3,-5,-4,-5,-3,1,-4,-2,-4,-3,-5,7,-2,-2,-3,-4,-4,
W,-4,-4,-3,-5,-4,-4,-4,-4,-4,-4,7,0,-5,-3,-3,-3,-4,-4,-4,-4,-3,-4,-4,-4,-4,-2,-4,-3,0,-4,-4,-4,-4,-5,-4,-4,-4,-4,-5,0,-3,-4,-4,-4,-4,-4,-4,-4,-4,-1,-4,0,-5,-5,-5,-4,-1,-5,-5,-5,-4,-4,-4,-1,-3,-4,-4,-4,-4,-6,3,-4,-1,-3,-5,-4,-2,-4,-4,-3,-5,-3,3,-4,-4,-1,-1,-4,-6,-5,-5,-1,-4,-3,-4,-4,-2,-4,-4,-4,9,-3,-4,-3,-4,-5,-3,-3,-4,-5,-3,-5,-3,-3,-3,0,0,-3,-3,-3,-4,-4,-4,-4,12,-3,-6,-4,-4,-5,-5,-4,-1,-5,-4,-5,-3,-4,-4,-1,-6,-5,-5,-4,-4,-5,-6,-4,-4,-5,-5,-5,2,-4,-7,-4,-7,-4,-4,-5,-4,-3,-5,-4,-5,-4,-4,-3,-3,-5,-4,1,-4,-5,-1,-3,-4,-3,-4,-5,
Y,-3,-3,-4,-4,-2,-2,-3,-2,-3,-2,7,2,-4,-2,-2,-1,-4,-3,-2,-1,-2,-4,-3,-2,-1,-1,-4,-2,5,-4,-3,-2,-2,-5,-1,-3,-2,-3,-4,3,2,-3,-3,-4,-3,-4,-2,-3,-4,4,-5,9,-3,-5,-4,-3,1,-1,-4,-3,-3,-3,-3,3,-3,-3,-4,-5,-5,-5,4,-3,2,-3,-4,-5,3,-5,-4,0,-3,4,8,-5,-3,4,1,-3,-5,-4,-4,1,-3,0,-2,0,4,-4,-3,-2,2,-2,-3,-2,-3,-3,-2,-4,-3,-3,-3,-3,-4,-3,-2,4,4,-2,-2,-1,-2,-3,-3,-3,0,-3,-5,-5,-2,1,-3,-3,2,-5,-2,-3,-2,-3,-5,2,-4,-3,-4,2,1,-4,-5,-3,-3,-4,-4,-4,0,-3,-6,-1,-6,-3,-3,-4,-3,0,-3,-2,-4,-4,-4,-1,-2,-4,-2,-3,-3,-5,3,1,0,0,-3,-4,
P,-2,-2,-3,8,-2,-3,-2,-2,-2,-3,-4,-5,-2,-4,-2,-3,-3,-2,-2,4,-1,-2,-2,-4,-3,-4,-3,-4,-5,-3,-2,-2,-3,8,-2,-3,-3,-2,-4,-5,-3,-2,-5,-3,-3,-3,2,1,-4,-4,-4,-5,-2,-4,-3,-3,-6,-5,-5,-4,-4,3,-2,-6,-5,-4,-3,-4,-4,-3,-5,-2,-3,-3,-3,1,-3,-4,-3,-3,-3,-5,-5,-4,-1,-3,-5,3,-3,-3,-3,-4,-3,-3,1,-4,-3,-3,6,-4,-4,-3,-2,-4,-2,-3,-2,-3,5,-2,-2,-3,-3,-2,-2,-4,-4,-4,-2,-2,-3,3,-1,6,-6,-1,-4,-4,-3,-5,-4,-4,-6,-4,-3,-4,-4,-2,-4,-4,-4,-4,-5,-4,-3,-5,-4,-3,-3,5,-4,-3,2,-3,-4,-4,9,-3,-1,3,-4,-3,-5,-2,-3,-4,-4,-2,-3,6,-3,1,-2,8,-4,0,0,0,0,-2,
M,-2,-2,0,-3,-1,0,-2,-2,-2,0,-2,-1,-4,2,-2,2,-4,-3,-2,-3,1,-4,-3,1,-1,3,-4,2,0,-2,-3,-1,0,-4,-2,-2,-1,-2,-4,-1,0,-1,0,-3,-2,-2,-3,-2,-4,1,-4,-3,-3,-4,-4,-2,-2,-4,-4,-1,1,-3,-3,-2,9,1,-2,-4,-5,-5,-1,-1,-2,-2,-4,-4,-1,-5,-4,0,-3,1,5,-4,-3,-2,-2,-3,-4,-4,-3,-1,-2,0,-2,-3,-2,-2,-3,-1,-1,1,-2,9,-2,-3,-2,-4,-2,-3,-2,-3,-3,-2,-1,-1,-1,1,-1,-1,1,-1,-3,-3,-4,0,-5,-4,-2,-4,-1,-1,-2,-5,-2,1,2,-3,-5,8,-5,-1,-2,-2,0,3,-5,-2,0,-4,-3,-4,-2,-2,-6,-2,-6,0,-1,-4,-1,1,-1,-1,-4,-3,-4,-2,0,-2,2,-2,-2,-4,-2,-2,-1,-2,-3,-3,
I,-4,-3,-4,-3,-1,4,-2,-2,-1,2,-2,-1,-4,6,-2,4,-5,-4,-4,-3,2,-5,-3,6,2,5,-5,1,-2,-5,-4,1,1,-4,-3,-2,1,-3,-5,-2,1,-3,1,-3,-1,-5,-3,-1,-3,-1,-5,-3,-2,-5,-4,3,-2,-6,-6,2,7,-4,-4,-2,0,6,-5,-5,-6,-5,2,0,-3,-4,-5,-5,-2,-6,-4,2,-4,6,-3,-5,-4,-3,-2,-4,-4,-5,-5,-2,0,3,-3,-5,-2,-2,-4,-5,1,2,-3,1,-2,-4,-2,-5,-3,-4,-2,-2,-4,-2,-4,0,-1,6,-2,-1,2,-1,-3,-3,-5,0,-5,-5,-3,-6,1,2,-1,-6,-2,3,3,-4,-6,-1,-5,3,2,-4,-3,7,-6,-3,-1,-4,-3,-2,-3,-4,-6,-3,-6,2,-1,-4,3,3,7,1,-5,-1,-5,-1,3,-2,3,-3,-2,-5,0,-2,3,-3,-1,-4,
L,-3,-3,-4,-4,-1,0,-2,-3,-3,0,-2,-1,-5,2,-3,1,-5,-4,-3,-3,2,-5,-3,1,-1,1,-5,5,-1,-5,-4,0,0,-5,-2,-3,-1,-2,-5,-1,-1,-3,6,-3,0,-4,-3,-3,-2,1,-5,-2,-4,-5,-5,-2,-2,-6,-5,-1,0,-4,-4,-1,2,1,-4,-5,-6,-6,0,-1,-3,-4,-5,-5,-2,-6,-5,-1,-4,0,-2,-5,-4,-2,-2,-4,-5,-5,-5,1,-2,4,-3,-4,-2,-3,-4,-3,0,4,-3,1,-2,-4,-2,-5,-3,-4,-2,-4,-4,-3,-3,0,0,1,-1,-1,-1,-1,-3,-2,-4,6,-6,-5,-1,-5,-1,-1,-1,-6,-3,0,4,-4,-6,1,-5,0,0,-3,-2,0,-6,-4,-1,-4,-4,-4,-3,-4,-6,-4,-6,1,-1,-5,-1,0,0,-2,-5,-3,-5,-2,3,-2,1,-2,-2,-5,-1,-3,-1,-2,-4,-4,
V,-3,-3,-3,-2,-1,5,-1,-1,-2,6,-2,-2,-4,2,-2,2,-4,-4,-3,-3,2,-4,-3,3,4,2,-4,1,-2,-4,-3,2,5,-4,-3,-1,5,-3,-5,-2,2,-2,-1,0,-1,-4,-3,-1,-4,0,-4,-4,-1,-5,-4,-1,-1,-6,-5,6,2,-4,-4,-3,0,3,-4,-4,-5,-5,1,1,-3,-4,-4,-5,-1,-5,-3,0,-3,1,-3,-5,-3,-3,-3,-3,-4,-4,-4,-2,-1,2,-2,-4,-1,-2,-3,-4,1,3,-3,0,-1,-4,-1,-4,-2,-4,-1,-3,-3,-2,-3,-1,-1,2,-1,0,4,1,-2,-3,-6,-1,-5,-5,-3,-6,6,6,-3,-5,-3,6,3,-4,-5,-1,-5,6,6,-4,-2,3,-5,-3,3,-2,0,-3,-2,-3,-6,-3,-6,3,0,-4,6,3,3,1,-4,-1,-5,0,1,1,4,-2,-1,-4,-1,-1,5,-2,-3,-2,
A,-1,-1,-1,-1,-1,-1,-1,0,-2,-1,-3,-3,-3,-2,0,-2,-1,-1,-1,0,2,-1,-2,-2,-1,-2,0,-2,-3,-1,-1,-1,2,-2,-1,0,3,1,-3,-4,1,3,-3,5,-1,-2,-1,-1,-1,-3,-1,-4,-2,-2,0,-2,-5,-4,-4,-2,-2,-1,-1,-4,-3,0,-3,0,-1,-3,-3,0,-1,-1,-3,-1,-1,-1,0,-2,2,-3,-4,-2,-1,-2,-3,0,-3,-3,-1,-3,-1,-2,1,-3,0,0,2,-2,-2,-2,1,-2,6,-3,4,-1,-1,-2,0,-3,0,1,-2,-3,-1,-2,-1,1,1,0,1,0,-5,-3,-4,-2,-1,-4,-2,0,-4,-2,-2,-2,-1,-1,-2,-1,-1,-1,-2,-3,2,-2,-4,0,-1,-1,-3,-1,1,-1,-4,-3,-4,-1,-1,-1,-1,0,-3,3,-1,0,-1,1,-2,-1,-2,1,-1,-1,-1,2,-1,2,-1,0,
G,-2,-2,6,-3,-2,-4,-3,-2,-3,-4,-4,-4,-2,-5,-2,-4,6,3,-2,-2,-2,7,-3,-5,-4,-4,7,-5,-5,6,1,-3,-3,-4,-3,-3,-3,-2,-2,-5,-3,-1,-6,-2,-3,6,-1,-2,6,-4,7,-5,-3,6,-2,-3,-6,-5,-5,-5,-5,-3,2,-5,-5,-4,-4,7,7,0,-5,-3,-1,5,-3,7,0,7,6,-3,-2,-5,-5,7,-1,-3,-4,-1,-3,-4,0,-4,-2,-4,-1,-4,-3,4,3,7,-3,-4,1,-4,-1,-1,0,7,-2,-1,-2,-1,6,0,-3,-4,-4,-5,-3,-2,-2,-1,-3,-1,-3,-6,-3,6,-3,-5,-4,-4,-5,7,-3,-5,-4,-1,7,-4,-1,-5,-6,-4,-3,-6,-1,-1,-3,-4,-4,2,1,2,-4,-4,-5,-3,-3,-3,-5,-3,-6,-2,-1,-3,6,-1,-4,-3,-4,-1,1,-1,-4,-1,-4,-1,-3,-3,
C,-4,-4,-3,-4,-3,-2,-2,-3,-4,-2,-3,-4,-5,-2,-2,-2,-4,-4,-4,-3,-2,-4,-5,-2,-2,-2,-4,-2,-4,-4,-4,-2,2,-5,-4,-2,-2,-3,-4,-4,-3,-3,-3,5,-3,-4,-4,-4,-4,-3,2,-5,-5,-4,-3,-4,-5,-6,-6,-3,-3,-4,-4,-4,-3,-1,-5,-4,-4,-5,-3,-2,-3,-3,-5,-4,-3,-4,-3,-3,-3,-3,-4,-4,-4,-4,-4,-4,-5,-6,-4,-3,5,-2,-1,-5,-3,6,-3,-4,-2,-2,0,-3,-1,-4,0,-3,-4,-4,-2,-4,-3,5,-4,-3,-3,-2,5,0,-2,-3,-1,0,-5,-3,-5,-4,-4,-6,-2,1,-4,-5,-4,-3,-2,-4,-4,-3,-5,-3,-3,-5,-4,-3,-6,-4,-3,-5,-4,-5,-3,-4,-6,-5,-6,-3,-4,-5,2,-2,-3,-2,-5,9,-4,-3,-3,-3,-2,-3,-3,-4,-4,-2,-2,-2,-4,-4,
S,0,0,0,-2,-1,-3,1,0,-1,-3,-3,-4,-1,-3,1,-2,-1,0,0,0,0,-2,-1,-3,-2,-3,-1,-4,-4,0,0,0,-2,-2,-1,0,-1,0,0,-4,-2,1,-4,1,0,-1,1,-1,-2,-2,0,-4,-2,0,6,0,-5,-4,-3,-1,-4,0,0,-4,-4,-3,-2,-2,-2,-2,-4,0,0,0,-1,-2,0,-2,3,-2,6,-4,-4,-2,-1,-2,2,0,-2,-2,0,2,-1,-2,1,-2,1,0,0,-1,-2,-3,5,-3,0,0,2,-1,-1,-1,1,0,0,4,-1,-3,-3,-3,1,1,-1,-1,0,2,-5,-4,-2,-2,-1,-3,-2,-2,-5,-2,-1,-3,-2,1,0,-2,-1,-2,-4,-1,-1,-4,-1,2,0,-1,-1,0,2,0,-2,-3,-4,-1,0,0,-3,-1,-4,1,0,3,-1,1,-3,-1,-1,0,0,0,-3,2,-3,3,-1,0,
T,-1,-1,-1,-2,1,-1,6,-1,0,-1,-1,-3,-2,-2,3,-1,-2,-2,-1,-1,0,-3,-1,-2,1,-2,-3,-2,-3,-2,0,4,0,-3,-2,7,0,-1,-1,-4,-2,1,-2,0,4,-3,1,0,-1,0,0,-4,-1,-3,1,0,-4,-5,-4,1,-2,-2,-1,-4,-3,-2,-3,-1,-3,-3,-3,4,0,-1,-1,-3,5,-3,-2,0,0,-2,-3,-2,-1,0,-3,-2,2,-3,0,-3,0,2,-1,2,4,-1,-2,-3,0,-1,0,-2,-1,-1,0,-2,-1,-1,6,-1,-1,0,-2,-3,-3,-1,5,5,1,0,7,0,-5,-3,-3,-3,-2,-4,3,-2,-4,-4,-1,-2,-1,-1,-3,-2,-3,0,-3,1,-1,-3,-4,0,5,-2,7,-2,1,-1,-4,-2,-4,0,-1,-1,-2,0,-2,1,-2,0,-1,2,-2,1,0,1,1,-1,-3,2,0,2,-2,-2,
N,0,-1,0,-3,-1,-4,-1,1,-1,-4,-3,-4,2,-4,1,-3,-1,2,-1,0,-2,-2,-2,-4,-3,-4,-2,-5,-4,0,2,-1,-3,-4,-1,-1,-3,1,8,-5,-2,-2,-5,-3,-2,0,1,0,1,-3,-2,-4,0,0,-2,-2,-6,-2,-3,-4,-5,0,3,-5,-4,-4,-2,-2,-2,0,-4,-1,4,0,4,-2,-1,-2,-1,-2,-1,-5,-4,-2,1,-1,-4,0,-1,-2,6,-4,-1,-3,1,-2,1,-2,-2,-1,-3,-4,1,-3,-2,7,-1,-1,-1,4,-1,7,-1,-1,0,-2,-4,-4,0,-1,-1,-1,-1,0,-6,-5,3,0,-2,-2,-1,-4,-5,-2,-1,-5,-4,0,-2,-3,2,-5,-5,-2,-2,-5,-3,4,0,-2,-3,2,0,2,2,-2,-5,0,-1,0,-5,-2,-5,-2,2,-3,-1,-1,-3,-2,-3,-1,0,-3,-4,0,-4,-1,0,-1,
Q,2,2,-2,-2,1,-3,-2,0,0,-3,-3,-5,-1,-3,1,1,-3,-1,1,0,-1,-1,0,-4,-2,-3,-3,-3,-4,-3,1,-1,-1,-3,0,-2,-3,2,-1,-5,-1,3,-4,-3,1,0,0,1,-2,-1,-4,-4,1,-3,-2,-1,-6,-2,-1,-4,-4,1,1,-5,-3,-4,8,-3,-4,-2,-4,-1,0,-1,0,-3,-2,-4,-2,0,-2,-4,-3,-3,1,0,-4,3,-2,0,-1,-4,0,-3,1,-2,-1,-2,-2,-3,-2,-3,-1,-2,-2,-1,0,-3,1,-1,-1,-1,-2,-1,7,-4,-4,-4,-2,-2,-2,1,-1,-1,-4,-4,-2,-2,0,-2,-3,-4,-5,-4,1,-4,-3,0,-4,2,-2,-4,-5,-1,0,-5,-1,2,0,0,-1,-2,0,1,-3,-1,-5,0,2,0,-4,-1,-5,-1,-2,-3,-3,-1,-2,-2,-3,2,1,-2,-3,-1,-3,0,1,1,
D,-1,-1,-2,-3,0,-4,-2,4,-2,-4,-4,-5,7,-4,-1,-3,1,5,1,3,-3,-2,-1,-4,-2,-4,-1,-5,-5,-1,2,-1,-4,-3,-1,-3,-4,0,0,-5,-3,-1,-6,-4,-1,-2,0,1,-2,-2,-3,0,-2,1,-2,-3,-6,-4,-4,-5,-5,0,3,-6,-5,-4,-2,-3,-3,8,-5,-1,0,-1,6,-3,-3,-3,-2,-2,-2,-5,-5,-2,3,-3,-5,2,7,-1,-1,-4,1,-4,0,-3,1,-2,-2,-3,-4,-4,-1,-4,-3,0,-2,-2,-2,6,-2,0,-2,-2,-1,-4,-4,-4,-2,-2,-2,0,-3,-1,-6,-5,7,0,-3,-2,-4,-5,-6,-3,-2,-5,-4,3,-3,-4,6,-5,-6,0,-1,-6,-1,0,-1,-2,-4,6,-1,2,8,-3,-5,-2,1,5,-5,-3,-5,0,7,-4,0,1,-2,2,-1,3,1,-3,-4,1,-4,-1,3,4,
E,1,1,-3,-2,0,-4,-2,1,0,-4,-3,-5,1,-4,1,0,-2,2,4,2,-1,-2,0,-4,1,-4,-1,-4,-4,-3,2,0,-3,-1,0,-2,-3,4,-2,-5,0,2,-5,-3,1,-1,3,3,-3,2,-4,-4,1,-3,-2,-1,-6,-3,-2,-4,-5,0,1,-5,-4,-4,0,-4,-4,0,-4,3,-1,-2,0,-4,-2,-4,-2,1,-2,-5,-4,-1,2,-1,-4,3,0,6,-2,-4,1,-3,1,-2,0,-2,-1,-4,-3,-3,-1,-3,-2,-1,-1,-3,0,0,-2,-1,-1,-1,1,-4,-4,-4,-2,-2,-2,0,-2,-1,-2,-5,0,-2,-1,-2,-4,-4,-5,-4,2,-4,-4,5,-4,0,1,-4,-5,-1,-1,-5,7,0,-2,2,-3,0,-1,-1,0,-1,-4,0,3,2,-4,-1,-5,0,1,-4,-3,2,3,1,-3,3,3,0,-1,0,-1,1,0,4,
H,-1,-1,-3,-3,-2,-4,-3,3,-2,-4,0,-2,-2,-4,-1,2,-3,-2,2,2,-3,-3,-2,-4,0,-3,-3,-4,-2,-3,-1,-3,-4,-4,-2,-3,-4,-1,-1,-3,-2,-2,-5,-4,-2,0,2,0,-3,0,-4,1,-2,-3,-3,-1,-4,11,-3,-5,-5,-2,0,-3,-4,-4,-1,-4,-4,-3,-2,-2,2,2,-2,-4,0,-4,-3,-1,-3,-3,-1,-4,-1,0,-3,-2,-3,-2,-1,-3,0,-3,0,10,0,-3,-3,-4,-2,-4,-2,-3,-3,3,2,-3,-2,1,-3,0,-3,-2,-1,-2,-1,-4,-3,-2,-3,-2,-3,-1,1,-5,-3,-3,3,11,-4,-5,-3,-4,0,-5,-4,-2,-4,-1,-3,-2,-6,4,-1,-5,-3,3,-3,-3,-4,-1,-1,-1,-4,-1,-5,-3,-1,0,-5,-2,-5,0,-2,-4,-1,4,0,-3,-4,-2,-2,-4,-2,-2,-4,-2,-2,-2,
K,5,5,-2,-2,5,-3,-2,1,6,-3,-3,-4,0,-3,3,-2,-2,-1,3,1,-1,-2,2,-4,-1,-3,-3,-4,-4,-3,4,-1,-3,-3,6,-2,-3,2,-2,-5,2,0,-4,-3,2,2,1,4,0,-1,-3,-4,6,-1,-2,5,-6,-3,0,-4,-4,5,2,-5,-3,-4,-1,-3,-3,-2,-4,-2,2,-1,-1,-3,-1,-3,-2,3,-2,-4,-4,-3,2,3,-4,0,-2,-1,-1,-4,3,-3,3,-3,-1,-1,0,-3,-3,-3,-1,-3,-2,-1,0,-2,4,-1,-1,-1,-2,-1,0,-4,-4,-4,-2,-2,0,3,-2,-1,-5,-4,-2,-1,5,-3,-3,-4,-5,-4,5,-4,-3,1,-3,-2,-1,-4,-5,1,5,-5,-2,2,-3,5,1,-2,1,0,-3,4,-4,1,3,0,-4,2,-5,1,-1,-3,-2,0,-2,-1,-3,0,2,-3,0,0,-3,0,5,1,
R,2,3,-2,-3,1,-4,-2,-1,1,-4,-3,-4,-2,-4,2,-2,-3,-2,0,-1,-2,-2,7,-4,-2,-4,-3,-3,-2,-3,0,-2,-3,-4,2,-3,-3,1,-2,-4,3,-2,-4,-3,0,0,-1,0,-2,-3,-4,-4,2,-3,-3,1,-5,-3,8,-4,-5,1,2,-5,-3,-4,-1,-4,-4,-3,-4,-2,2,1,1,-4,0,-4,-3,3,-3,-4,-4,-4,3,3,-4,-1,-3,3,3,-4,0,-3,1,-2,-2,2,-1,-4,-1,-3,-2,-3,-2,-1,0,-3,2,-2,-1,-1,-2,-1,1,-4,-3,-4,-2,-2,-2,0,-3,-3,-5,-4,-3,-2,4,-3,-4,-4,-5,-4,3,-4,-3,-1,-4,-3,-3,-4,-5,5,1,-5,-3,-1,-3,0,-3,-3,1,4,-4,6,-5,-1,0,-1,-4,0,-5,-2,-3,-4,-1,-1,-3,-2,-3,-1,-1,-4,-3,-2,-4,-2,2,-2,

Weighted observed percentages rounded down
F,0,0,0,0,0,0,0,0,0,0,25,100,0,2,0,2,0,0,0,0,0,0,0,0,0,19,0,0,77,0,0,0,0,0,0,0,0,0,0,97,2,0,2,0,0,0,2,0,0,30,0,11,0,0,0,0,95,0,0,0,0,0,0,96,0,0,0,0,0,0,54,0,0,4,0,0,2,0,0,2,0,0,7,0,0,25,82,0,0,0,0,65,0,2,0,4,1,0,2,0,15,0,0,0,0,0,0,0,0,0,0,0,0,0,5,83,76,0,7,4,0,1,0,0,0,0,0,0,2,0,0,0,94,0,0,0,0,0,0,6,3,1,1,3,1,0,0,0,0,0,0,0,1,0,0,4,0,0,0,0,0,0,0,0,0,0,0,0,7,0,0,0,0,0,66,0,0,0,0,0,
W,0,0,0,0,0,0,0,0,0,0,19,0,0,0,0,0,0,0,0,0,0,0,0,0,0,0,0,0,0,0,0,0,0,0,0,0,0,0,0,0,0,0,0,0,0,0,0,0,0,0,0,0,0,0,0,0,0,0,0,0,0,0,0,0,0,0,0,0,0,0,4,0,1,0,0,0,0,0,0,0,0,0,4,0,0,0,0,0,0,0,0,0,0,0,0,0,0,0,0,0,39,0,0,0,0,0,0,0,0,0,0,0,0,0,0,0,0,0,0,0,0,0,0,0,91,0,0,0,0,0,0,0,0,0,0,0,0,0,0,1,0,0,0,0,0,0,0,0,0,0,0,0,3,0,0,0,0,0,0,0,0,0,0,0,0,0,0,0,0,0,0,2,0,0,0,0,0,0,0,0,
Y,0,0,0,0,0,0,0,0,0,0,53,0,0,0,0,0,0,0,0,2,0,0,0,0,2,0,0,0,18,0,0,0,0,0,2,0,0,0,0,3,8,0,0,0,0,0,0,0,0,18,0,79,0,0,0,0,0,0,0,0,0,0,0,4,0,0,0,0,0,0,11,0,8,0,0,0,15,0,0,4,0,18,71,0,0,17,0,0,0,0,0,0,0,3,0,0,22,0,0,1,5,0,0,0,0,0,0,0,0,0,0,0,0,0,0,9,13,0,0,1,0,0,0,0,0,0,0,0,0,2,0,0,2,0,1,0,0,0,0,8,0,0,0,7,6,0,0,0,0,0,0,0,4,0,0,3,0,0,0,0,0,4,0,1,0,0,0,2,0,0,0,0,0,0,10,7,4,4,0,0,
P,0,0,0,92,0,0,0,0,0,0,0,0,0,0,0,0,0,0,0,23,3,2,1,0,0,0,0,0,0,0,0,0,0,96,0,0,0,0,0,0,0,0,0,0,0,0,12,8,0,0,0,0,1,0,0,0,0,0,0,0,0,16,0,0,0,0,0,0,0,0,0,0,0,0,0,7,0,0,0,0,0,0,0,0,2,0,0,18,0,0,0,0,0,0,6,0,0,0,39,0,0,0,0,0,0,0,0,0,31,0,0,0,0,0,0,0,0,0,0,0,0,16,3,43,0,3,0,0,0,0,0,0,0,0,0,0,0,0,0,0,0,0,0,0,0,0,0,0,0,29,0,0,8,0,0,0,100,0,2,16,0,0,0,0,0,0,0,0,0,44,0,5,0,77,0,4,4,4,5,0,
M,0,0,4,0,0,0,0,0,0,0,0,0,0,7,0,5,0,0,0,0,4,0,0,3,0,13,0,2,3,1,0,0,0,0,0,0,0,0,0,0,2,1,0,0,0,1,0,0,0,5,0,0,0,0,0,0,0,0,0,0,2,0,0,0,83,1,0,0,0,0,0,0,0,1,0,0,1,0,0,2,0,3,18,0,0,0,0,0,0,0,0,0,0,0,0,0,0,1,0,2,0,0,0,97,0,0,0,0,0,0,0,0,0,0,0,0,0,0,0,0,3,1,0,0,0,0,0,0,0,0,0,0,0,0,1,2,4,0,0,54,0,0,0,1,3,10,0,1,1,0,0,0,0,1,0,1,0,1,1,0,0,3,0,0,0,0,0,0,0,0,7,0,0,0,0,0,0,0,0,0,
I,0,0,0,0,4,26,0,0,7,6,0,0,0,77,0,56,0,0,0,0,15,0,1,71,9,51,0,2,0,0,0,5,1,0,1,0,0,0,0,0,7,0,5,0,3,0,1,3,1,0,0,0,2,0,0,20,0,0,0,10,91,0,0,0,2,66,0,0,0,0,15,7,1,0,0,0,1,0,0,21,0,78,0,0,0,0,0,0,0,0,0,0,7,17,0,0,1,2,0,0,10,5,0,3,0,0,1,0,0,0,0,4,0,3,0,5,2,88,0,0,12,3,0,0,0,0,0,0,1,0,0,9,3,0,3,11,17,0,0,2,0,17,9,0,0,72,0,1,1,0,0,2,0,0,0,1,0,10,2,0,13,20,88,10,0,2,0,2,28,1,13,0,1,0,4,0,16,0,4,0,
L,0,0,0,0,5,0,0,0,0,0,0,0,0,9,0,5,0,0,0,0,23,0,0,7,0,9,0,90,0,0,0,5,4,0,4,0,0,3,0,0,2,1,91,0,11,1,1,1,4,12,0,2,0,0,0,1,0,0,0,0,0,0,0,0,10,7,0,0,0,0,3,3,1,0,0,0,1,0,0,2,0,0,0,0,0,0,0,0,0,0,0,17,3,48,1,0,1,0,0,4,5,67,0,0,0,0,0,0,0,0,0,0,0,0,0,0,2,5,2,6,1,3,0,4,0,97,0,0,5,0,0,1,2,0,0,3,50,0,0,6,0,3,5,1,3,2,0,0,4,0,0,1,0,0,0,0,0,19,5,0,0,2,0,0,0,0,0,2,33,2,13,2,4,0,2,0,0,4,0,0,
V,0,0,0,4,3,74,0,9,0,94,0,0,0,6,0,8,0,0,0,0,18,0,0,19,58,8,0,6,0,0,0,22,65,0,0,0,65,0,0,0,22,1,0,6,2,0,1,4,0,5,0,0,4,0,0,2,5,0,0,79,6,0,0,0,4,16,0,0,0,0,13,12,0,0,0,0,1,0,2,3,0,2,0,0,0,0,0,0,0,0,0,0,3,10,0,0,1,2,0,0,10,28,0,0,0,0,0,0,3,0,0,0,1,0,0,0,0,7,0,3,45,13,0,0,0,0,0,0,1,0,73,79,0,0,1,84,22,0,0,0,0,67,83,0,2,15,0,0,24,3,5,1,2,1,0,2,0,30,10,1,80,29,12,9,0,5,0,11,4,14,53,0,3,0,2,4,63,0,0,4,
A,0,4,0,4,3,0,0,12,0,0,0,0,0,0,8,0,0,0,0,9,22,0,0,0,0,0,3,0,0,2,2,1,19,0,2,4,28,15,0,0,12,34,0,69,2,0,2,2,2,0,2,0,1,0,4,1,0,0,0,0,2,1,1,0,0,9,0,6,0,0,0,7,3,1,0,0,1,0,2,0,18,0,0,0,5,0,0,9,0,0,6,0,2,0,19,0,5,3,19,0,1,0,4,0,100,0,57,0,2,0,3,0,0,4,0,0,7,0,0,10,12,8,12,7,0,0,0,0,3,0,0,5,0,0,1,0,2,1,0,3,5,2,2,0,17,2,0,8,4,4,0,4,15,3,0,1,0,3,3,3,2,6,0,39,6,6,0,11,0,4,0,15,3,3,5,27,4,17,2,8,
G,0,0,80,0,0,0,0,0,0,0,0,0,0,0,0,0,91,29,0,0,0,92,0,0,0,0,90,0,0,87,11,0,0,0,0,0,0,0,0,0,0,2,0,0,0,62,4,1,73,0,81,0,0,76,0,1,0,0,0,0,0,0,19,0,0,0,0,90,100,7,0,0,2,57,0,93,7,100,66,0,0,0,0,92,5,0,0,2,0,0,7,0,1,0,2,0,0,45,24,90,0,0,7,0,0,0,2,100,0,3,0,0,85,3,0,0,0,0,0,0,1,3,0,4,2,0,0,84,1,0,0,1,0,100,0,0,0,4,94,0,3,0,0,0,0,0,4,4,1,0,0,16,10,19,0,0,0,0,0,0,0,0,0,0,2,0,83,2,0,0,0,3,12,5,0,2,0,1,0,0,
C,0,0,0,0,0,0,0,0,0,0,0,0,0,0,0,0,0,0,0,0,0,0,0,0,0,0,0,0,0,0,0,0,5,0,0,0,0,0,0,0,0,0,0,12,0,0,0,0,0,0,5,0,0,0,0,0,0,0,0,0,0,0,0,0,0,1,0,0,0,0,0,0,0,0,0,0,0,0,0,0,0,0,0,0,0,0,0,0,0,0,0,0,18,0,2,0,0,20,0,0,0,0,2,0,0,0,2,0,0,0,0,0,0,20,0,0,0,0,20,1,0,0,1,2,0,0,0,0,0,0,0,3,0,0,0,0,0,0,0,0,0,0,0,0,0,0,0,0,0,0,0,0,0,0,0,0,0,0,0,0,5,0,0,0,0,53,0,0,0,0,0,0,0,0,0,0,0,0,0,0,
S,8,4,6,0,0,0,3,2,0,0,0,0,0,0,5,0,0,4,4,6,4,0,1,0,0,0,0,0,0,5,2,4,0,0,0,0,2,1,3,0,0,6,0,8,2,1,9,2,0,0,6,0,0,7,90,7,0,0,0,5,0,6,5,0,0,0,0,0,0,0,0,1,6,6,0,0,4,0,29,0,82,0,0,0,1,1,18,4,0,0,3,18,1,0,10,0,10,8,6,2,1,0,80,0,0,0,18,0,0,0,4,0,7,63,0,0,0,0,5,2,2,0,0,25,0,0,0,0,3,0,0,2,0,0,2,0,2,14,6,2,4,3,0,2,1,0,3,14,6,4,0,5,24,8,2,0,0,4,4,6,0,1,0,6,4,31,2,9,0,2,4,4,7,5,0,22,0,35,0,5,
T,0,2,4,0,11,0,97,2,6,0,4,0,0,0,30,0,0,0,2,0,4,0,4,0,10,0,0,0,0,0,4,50,3,0,0,96,5,2,0,0,0,11,2,5,44,0,11,5,3,6,6,0,4,0,7,5,0,0,0,6,0,0,0,0,0,0,0,4,0,0,0,45,6,4,3,0,56,0,0,4,0,0,0,3,3,5,0,0,18,0,3,0,6,20,1,18,36,2,0,0,8,0,0,0,0,0,0,0,0,0,89,0,2,0,0,0,0,0,64,72,9,5,79,4,0,0,0,0,0,0,24,0,0,0,2,0,3,1,0,1,0,5,0,10,3,0,0,4,45,1,84,2,9,2,0,1,0,7,2,3,0,7,0,11,0,3,4,15,0,10,5,13,13,3,0,12,4,12,0,0,
N,2,0,4,0,0,0,0,7,0,0,0,0,7,0,4,0,0,8,0,3,0,0,0,0,0,0,0,0,0,3,10,0,0,0,1,0,0,5,97,0,0,0,0,0,0,3,7,4,5,0,0,0,3,4,0,0,0,0,0,0,0,4,19,0,0,0,0,0,0,0,0,1,29,4,22,0,1,0,0,0,0,0,0,0,5,2,0,5,0,0,63,0,2,0,8,0,6,0,0,1,0,0,7,0,0,93,0,0,0,34,0,96,0,0,2,3,0,0,2,0,3,2,1,3,0,0,15,4,0,0,3,0,0,0,1,0,0,3,0,0,11,0,0,0,0,0,0,28,4,1,0,12,3,9,9,1,0,6,1,3,0,0,0,0,9,0,1,0,0,0,0,0,2,0,0,3,0,0,2,0,
Q,11,6,0,0,5,0,0,0,0,0,0,0,0,0,6,10,0,0,3,0,1,2,1,0,0,0,0,0,0,0,2,0,3,0,1,0,0,6,0,0,0,21,0,0,7,3,2,3,1,2,0,0,5,0,0,0,0,0,0,0,0,3,4,0,0,0,100,0,0,0,0,0,3,1,3,0,0,0,0,1,0,0,0,0,3,2,0,22,0,0,0,0,2,0,8,0,0,0,0,0,0,0,0,0,0,0,1,0,3,0,0,0,0,1,90,0,0,0,0,0,0,6,3,2,0,0,0,1,0,0,0,0,0,0,5,0,0,1,0,9,0,0,0,1,4,0,0,13,4,2,2,0,3,5,0,1,0,3,9,2,0,2,0,0,0,0,0,0,0,0,0,10,6,1,0,0,0,4,3,3,
D,0,2,0,0,4,0,0,36,0,0,0,0,85,0,0,0,9,42,6,21,0,0,3,0,0,0,2,0,0,2,14,3,0,0,1,0,0,2,0,0,0,1,0,0,2,0,1,7,2,1,0,5,0,8,0,0,0,0,0,0,0,5,22,0,0,0,0,0,0,93,0,1,2,3,61,0,0,0,0,0,0,0,0,2,22,0,0,14,82,0,0,0,11,0,3,0,9,1,0,0,0,0,0,0,0,0,0,0,0,58,0,0,0,0,0,0,0,0,0,0,2,5,0,1,0,0,85,5,0,2,0,0,0,0,0,0,0,21,0,0,64,0,0,6,2,0,0,3,3,1,0,49,1,15,87,0,0,1,7,40,0,0,0,5,69,0,5,8,0,12,5,20,5,0,0,8,0,2,20,33,
E,4,8,0,0,0,0,0,6,0,0,0,0,4,0,7,6,0,17,44,16,3,2,3,0,13,0,5,0,0,0,18,8,0,4,3,0,0,42,0,0,5,18,0,0,10,3,31,23,0,15,0,0,8,0,0,1,0,0,0,0,0,2,5,0,0,0,0,0,0,0,0,23,0,0,0,0,0,0,2,7,0,0,0,4,19,1,0,21,0,82,0,0,9,0,11,0,5,2,3,0,0,0,0,0,0,0,0,0,2,0,0,0,3,0,0,0,0,0,0,0,0,2,0,1,3,0,0,1,0,0,0,0,0,0,11,0,0,45,0,7,6,0,0,3,2,0,93,3,1,12,0,4,1,1,2,1,0,5,21,16,0,4,0,6,6,0,0,17,26,8,0,21,28,6,4,6,5,13,3,38,
H,0,0,0,0,0,0,0,14,0,0,0,0,0,0,0,8,0,0,6,6,0,0,0,0,3,0,0,0,0,0,0,0,0,0,0,0,0,1,0,0,0,0,0,0,0,2,6,2,0,2,0,2,0,0,0,1,0,100,0,0,0,0,1,0,0,0,0,0,0,0,0,0,5,6,0,0,3,0,0,1,0,0,0,0,0,1,0,0,0,0,0,0,3,0,2,78,2,0,0,0,0,0,0,0,0,7,7,0,0,5,0,0,0,0,0,0,0,0,0,0,0,0,0,2,4,0,0,0,9,96,0,0,0,0,2,0,0,0,0,1,0,1,0,14,1,0,0,8,0,0,0,2,1,1,0,1,0,0,1,2,0,0,0,3,0,0,1,15,3,0,0,0,0,0,0,0,0,0,0,0,
K,68,62,0,0,64,0,0,12,87,0,0,0,4,0,28,0,0,0,35,12,3,0,7,0,4,0,0,0,0,0,38,1,0,0,78,0,0,14,0,0,18,3,0,0,15,17,10,32,7,3,0,0,66,4,0,57,0,0,0,0,0,57,14,0,0,0,0,0,0,0,0,0,16,2,2,0,1,0,0,33,0,0,0,0,14,23,0,5,0,0,0,0,31,0,23,0,1,1,5,0,0,0,0,0,0,0,4,0,49,0,2,0,0,2,0,0,0,0,0,0,9,30,1,2,0,0,0,4,47,0,0,0,0,0,57,0,0,9,0,1,4,0,0,9,53,0,0,12,0,42,9,1,8,4,0,32,0,12,30,6,0,19,0,12,3,0,2,6,0,2,0,5,15,0,8,4,0,5,50,8,
R,6,12,2,0,0,0,0,0,0,0,0,0,0,0,11,0,0,0,0,0,0,2,79,0,2,0,0,0,3,0,1,1,0,0,8,0,0,8,0,0,21,0,0,0,3,6,0,2,1,0,0,0,6,0,0,3,0,0,100,0,0,6,12,0,0,0,0,0,0,0,0,0,17,10,9,0,7,0,0,19,0,0,0,0,21,22,0,0,0,18,18,0,2,0,6,0,1,13,3,0,4,0,0,0,0,0,7,0,10,0,2,0,1,3,3,0,0,0,0,0,0,3,0,0,0,0,0,1,28,0,0,0,0,0,14,0,0,2,0,0,0,0,0,43,3,0,0,1,0,2,0,1,7,31,0,51,0,2,1,3,0,3,0,0,0,0,3,0,0,1,0,0,0,0,0,0,0,0,11,0,
