 ,1,2,3,4,5,6,7,8,9,10
 ,K,K,H,I,Y,L,F,S,S,A
Last position-specific scoring matrix computed,,,,,,,,,,
F,-4,-2,-1,-1,2,0,5,-3,-3,0
W,-4,-3,-3,-3,0,-2,-1,-3,-3,-3
Y,-2,-1,0,-2,5,-2,1,-3,-2,-2
P,-2,-2,-2,-3,-3,-4,-3,-4,-1,-2
M,-2,0,-1,1,5,2,1,-2,-2,-2
I,-4,0,-2,5,0,1,0,-2,-3,-2
L,-3,-1,-1,1,2,5,0,-2,-3,-2
V,-3,0,-1,3,0,0,1,-2,-2,-1
A,-1,-1,-1,-2,-2,-2,1,-1,3,5
G,-2,-2,-2,-4,-4,-4,-2,-3,-1,1
C,-4,-3,-3,-2,-2,-2,3,10,-1,-1
S,-1,-1,0,-3,-2,-3,-1,-1,4,0
T,-1,-1,2,-1,-2,-2,-1,-2,0,-1
N,1,-1,2,-4,-3,-4,1,-3,1,-2
Q,2,1,0,-3,-2,-3,-2,-4,-1,0
D,-1,-1,-1,-4,-4,-4,-3,-4,1,-2
E,2,0,0,-4,-3,-4,-3,-4,-1,-1
H,-1,-1,2,-4,0,-4,-2,-4,-1,-2
K,5,4,3,-3,-2,-3,-3,-4,-1,-1
R,1,2,1,-4,-1,-3,-3,-4,-1,-2
